Threshold,Take Profit Percent,Stop Loss Percent,Trade Returns,Number of Trades
0.3,0.02,-0.04,7.066012832946199,16564
0.3,0.02,-0.05,6.656733163081127,16564
0.31,0.02,-0.04,6.411962684290791,16285
0.3,0.01,-0.04,6.141854616567312,16564
0.3,0.05,-0.04,6.0731758815452626,16564
0.31,0.02,-0.05,6.065451841681171,16285
0.3,0.01,-0.05,5.9477210958267195,16564
0.3,0.05,-0.05,5.915942147012265,16564
0.31,0.05,-0.04,5.910298435561485,16285
0.31,0.05,-0.05,5.803261825804968,16285
0.32,0.02,-0.04,5.788347941894684,15986
0.31,0.01,-0.04,5.722201145513874,16285
0.31,0.01,-0.05,5.609574480039066,16285
0.3,0.01,-0.03,5.563796473061614,16564
0.32,0.05,-0.04,5.489362461228232,15986
0.3,0.02,-0.03,5.474452673183328,16564
0.33,0.02,-0.04,5.466357357768998,15688
0.32,0.02,-0.05,5.402042526374349,15986
0.32,0.01,-0.04,5.36534478144723,15986
0.32,0.05,-0.05,5.34253127856101,15986
0.31,0.01,-0.03,5.270970600833077,16285
0.32,0.01,-0.05,5.212015096578669,15986
0.33,0.05,-0.04,5.1303574020313185,15688
0.3,0.04,-0.04,5.1194709122336075,16564
0.34,0.02,-0.04,5.096397737059301,15323
0.33,0.02,-0.05,5.048236091603473,15688
0.31,0.04,-0.04,5.019641257323157,16285
0.3,0.03,-0.04,4.955634502943471,16564
0.34,0.05,-0.04,4.954316407338386,15323
0.31,0.02,-0.03,4.949509101957751,16285
0.33,0.01,-0.04,4.941690109857787,15688
0.32,0.01,-0.03,4.938970685504709,15986
0.35,0.02,-0.04,4.925539549807289,14952
0.33,0.05,-0.05,4.92165293292482,15688
0.3,0.04,-0.05,4.897783396123991,16564
0.31,0.04,-0.05,4.8481508659900285,16285
0.35,0.05,-0.04,4.844007341844218,14952
0.33,0.01,-0.05,4.813688892140234,15688
0.32,0.04,-0.04,4.662895148017348,15986
0.34,0.05,-0.05,4.610351324237261,15323
0.34,0.01,-0.04,4.609652765462973,15323
0.35,0.01,-0.04,4.609278163692978,14952
0.3,0.03,-0.05,4.57063000495067,16564
0.33,0.01,-0.03,4.526679163963782,15688
0.34,0.02,-0.05,4.513637177893066,15323
0.31,0.03,-0.04,4.507413763308442,16285
0.34,0.01,-0.03,4.455763338410686,15323
0.32,0.04,-0.05,4.451610183773486,15986
0.35,0.05,-0.05,4.3900803815732345,14952
0.32,0.02,-0.03,4.350750808299915,15986
0.35,0.01,-0.03,4.334590245296286,14952
0.34,0.01,-0.05,4.321807633985121,15323
0.3,0.05,-0.03,4.311630799680779,16564
0.33,0.04,-0.04,4.288668592738089,15688
0.32,0.03,-0.04,4.247066312288417,15986
0.35,0.02,-0.05,4.231607996928897,14952
0.31,0.05,-0.03,4.223852235139442,16285
0.35,0.01,-0.05,4.203211053345089,14952
0.31,0.03,-0.05,4.172606390092134,16285
0.34,0.04,-0.04,4.075609331476896,15323
0.48,0.01,-0.02,4.072570523315764,11283
0.33,0.03,-0.04,4.064353941493613,15688
0.33,0.02,-0.03,4.0392828825578695,15688
0.3,0.01,-0.02,4.039250795957837,16564
0.33,0.04,-0.05,4.025086032610185,15688
0.34,0.02,-0.03,3.9422897990785946,15323
0.32,0.03,-0.05,3.8724643661613616,15986
0.32,0.05,-0.03,3.8332056488483124,15986
0.35,0.02,-0.03,3.809319708351339,14952
0.35,0.04,-0.04,3.802834130612873,14952
0.36,0.02,-0.04,3.789749363778894,14468
0.36,0.01,-0.03,3.7431406272173584,14468
0.49,0.01,-0.02,3.726264402514326,11003
0.34,0.03,-0.04,3.7240897387709624,15323
0.37,0.05,-0.04,3.711068471769558,14104
0.48,0.01,-0.03,3.7100088381625986,11283
0.34,0.04,-0.05,3.676766157354388,15323
0.34,0.05,-0.03,3.646722376404611,15323
0.36,0.05,-0.04,3.644965054257574,14468
0.33,0.03,-0.05,3.637454399482529,15688
0.51,0.01,-0.02,3.6260415986294285,10433
0.34,0.01,-0.02,3.6213131081146215,15323
0.31,0.01,-0.02,3.6145921531652534,16285
0.5,0.01,-0.02,3.608121926612211,10692
0.35,0.03,-0.04,3.600577851084424,14952
0.33,0.01,-0.02,3.5869603073264495,15688
0.35,0.05,-0.03,3.5743014074352004,14952
0.32,0.01,-0.02,3.562573050591455,15986
0.37,0.01,-0.03,3.5283496535951118,14104
0.36,0.01,-0.04,3.5251852434309496,14468
0.33,0.05,-0.03,3.499205636100089,15688
0.3,0.04,-0.03,3.473203902359942,16564
0.31,0.04,-0.03,3.4484731288919233,16285
0.37,0.02,-0.04,3.393725543832202,14104
0.3,0.02,-0.02,3.3801555108087173,16564
0.35,0.01,-0.02,3.365561609916189,14952
0.49,0.01,-0.03,3.360833703623814,11003
0.3,0.03,-0.03,3.3480315371674956,16564
0.47,0.01,-0.02,3.3461133734756694,11508
0.45,0.01,-0.02,3.3341312122292384,11961
0.38,0.05,-0.04,3.320103652988052,13730
0.35,0.04,-0.05,3.2940290793204765,14952
0.45,0.01,-0.03,3.2546534421499813,11961
0.38,0.01,-0.03,3.246966366417654,13730
0.53,0.01,-0.02,3.2443846997675125,9871
0.43,0.01,-0.03,3.2078008810571874,12518
0.51,0.01,-0.03,3.206569555696018,10433
0.52,0.01,-0.02,3.168683569373843,10146
0.37,0.05,-0.03,3.165534959596666,14104
0.43,0.01,-0.02,3.156323863672867,12518
0.34,0.03,-0.05,3.146855332931982,15323
0.48,0.01,-0.01,3.1308373650264096,11283
0.36,0.02,-0.03,3.1257355209026874,14468
0.32,0.04,-0.03,3.122016407628234,15986
0.67,0.01,-0.02,3.1147590721405414,7050
0.57,0.01,-0.02,3.080221991464968,8928
0.37,0.05,-0.05,3.0800738008152697,14104
0.5,0.01,-0.03,3.078597074019047,10692
0.63,0.01,-0.02,3.060664197660664,7766
0.37,0.01,-0.04,3.057694515753225,14104
0.37,0.01,-0.02,3.042328279369095,14104
0.68,0.01,-0.02,3.022066447642236,6874
0.44,0.01,-0.03,3.015481103397882,12227
0.36,0.05,-0.05,3.013194634785612,14468
0.37,0.02,-0.03,3.010184177548171,14104
0.4,0.01,-0.03,3.0012231576709527,13239
0.31,0.03,-0.03,2.998235979650409,16285
0.44,0.01,-0.02,2.996487537901559,12227
0.46,0.01,-0.02,2.9697855169171183,11744
0.58,0.01,-0.02,2.9657263654610584,8733
0.36,0.01,-0.05,2.961527816108801,14468
0.41,0.01,-0.02,2.934856983213831,13028
0.66,0.01,-0.02,2.934443116268844,7228
0.41,0.01,-0.03,2.9341369333567218,13028
0.6,0.01,-0.02,2.918552832764788,8257
0.54,0.01,-0.02,2.9177846389967517,9613
0.35,0.03,-0.05,2.9133815680755877,14952
0.36,0.02,-0.05,2.909129419615052,14468
0.69,0.01,-0.02,2.9068816859079303,6669
0.38,0.02,-0.04,2.9014169857589467,13730
0.47,0.01,-0.03,2.9011932356158168,11508
0.59,0.01,-0.02,2.8980187569886873,8506
0.36,0.01,-0.02,2.8954470639674312,14468
0.48,0.01,-0.04,2.893448607478258,11283
0.49,0.01,-0.01,2.886902550612465,11003
0.37,0.04,-0.04,2.8835605119376675,14104
0.36,0.04,-0.04,2.877006020248868,14468
0.38,0.01,-0.02,2.872018522269284,13730
0.34,0.04,-0.03,2.8577082005152112,15323
0.36,0.05,-0.03,2.8457591149079153,14468
0.45,0.01,-0.01,2.8282801397429003,11961
0.7,0.01,-0.02,2.8189716017508886,6452
0.4,0.01,-0.02,2.817678233919782,13239
0.3,0.01,-0.01,2.7879245998433797,16564
0.38,0.01,-0.04,2.778105019385364,13730
0.33,0.04,-0.03,2.7727948987976614,15688
0.32,0.03,-0.03,2.7681779166724843,15986
0.64,0.01,-0.02,2.764432980876228,7577
0.31,0.02,-0.02,2.759972566971933,16285
0.55,0.01,-0.02,2.759212624807987,9306
0.42,0.01,-0.03,2.74772098567392,12764
0.61,0.01,-0.02,2.7470968736517025,8071
0.38,0.05,-0.03,2.7394022167659724,13730
0.39,0.01,-0.03,2.718732897362359,13470
0.42,0.01,-0.02,2.714324497446312,12764
0.65,0.01,-0.02,2.6855945512341757,7411
0.46,0.01,-0.03,2.6786879008944924,11744
0.57,0.01,-0.01,2.6755356756728745,8928
0.36,0.03,-0.04,2.6742044302243624,14468
0.49,0.01,-0.04,2.643011976165924,11003
0.56,0.01,-0.02,2.6428168795740836,9087
0.62,0.01,-0.02,2.6377080054646935,7942
0.5,0.01,-0.01,2.6317596963038374,10692
0.35,0.04,-0.03,2.6228210961759224,14952
0.47,0.01,-0.01,2.617481508759549,11508
0.33,0.03,-0.03,2.610470592326392,15688
0.43,0.02,-0.04,2.608356818721368,12518
0.34,0.03,-0.03,2.6083142232108942,15323
0.43,0.01,-0.01,2.5858381667548724,12518
0.59,0.01,-0.01,2.582233332012933,8506
0.52,0.01,-0.03,2.567387760746466,10146
0.43,0.02,-0.03,2.565617264966632,12518
0.34,0.02,-0.02,2.5598501806319174,15323
0.33,0.02,-0.02,2.5549526335673427,15688
0.58,0.01,-0.01,2.5519662470087323,8733
0.37,0.02,-0.05,2.5510367409297166,14104
0.43,0.01,-0.04,2.541753101704306,12518
0.63,0.01,-0.01,2.538295539959488,7766
0.37,0.01,-0.05,2.530042064227785,14104
0.6,0.01,-0.01,2.5269556275743508,8257
0.35,0.03,-0.03,2.522690432049102,14952
0.37,0.03,-0.04,2.521493041479527,14104
0.64,0.01,-0.01,2.5162671588760355,7577
0.31,0.01,-0.01,2.4988213459248674,16285
0.53,0.01,-0.01,2.495464504109656,9871
0.45,0.01,-0.04,2.4952915755454894,11961
0.34,0.01,-0.01,2.493498057605819,15323
0.51,0.01,-0.01,2.4920139359913587,10433
0.39,0.01,-0.02,2.4808325696104756,13470
0.32,0.01,-0.01,2.4801462294423033,15986
0.33,0.01,-0.01,2.4778595720947814,15688
0.44,0.01,-0.01,2.4732741502854516,12227
0.68,0.01,-0.01,2.466769633945786,6874
0.38,0.02,-0.03,2.4654564756040713,13730
0.38,0.05,-0.05,2.4623435940458354,13730
0.51,0.01,-0.04,2.4600817573032354,10433
0.67,0.01,-0.01,2.4437998512566876,7050
0.38,0.04,-0.04,2.4353498900141606,13730
0.37,0.04,-0.03,2.4277198997368727,14104
0.32,0.02,-0.02,2.4177162537952164,15986
0.53,0.01,-0.03,2.4111677185135196,9871
0.61,0.01,-0.01,2.4034170870941067,8071
0.57,0.01,-0.03,2.3958968616210563,8928
0.66,0.01,-0.01,2.375598299404137,7228
0.55,0.01,-0.01,2.356765031450229,9306
0.46,0.01,-0.01,2.3375868054211573,11744
0.69,0.01,-0.01,2.311212508042305,6669
0.54,0.01,-0.01,2.299926923944366,9613
0.35,0.01,-0.01,2.2924413453702472,14952
0.62,0.01,-0.01,2.268167250076602,7942
0.44,0.01,-0.04,2.264448656319528,12227
0.54,0.01,-0.03,2.259571064650995,9613
0.52,0.01,-0.01,2.2572496118542134,10146
0.5,0.01,-0.04,2.2415770006468496,10692
0.67,0.01,-0.03,2.22921704304419,7050
0.35,0.02,-0.02,2.21783012346051,14952
0.58,0.01,-0.03,2.212288469657002,8733
0.37,0.04,-0.05,2.1976877499620042,14104
0.48,0.01,-0.05,2.193964423278769,11283
0.36,0.04,-0.05,2.1903575097555126,14468
0.48,0.02,-0.03,2.1852738103888547,11283
0.4,0.01,-0.04,2.181029774209151,13239
0.56,0.01,-0.01,2.1753685776813536,9087
0.36,0.04,-0.03,2.1674929808712777,14468
0.3,0.02,-0.01,2.163822020082159,16564
0.65,0.01,-0.01,2.161267460535521,7411
0.7,0.01,-0.01,2.1610979555147,6452
0.38,0.01,-0.05,2.157087284043452,13730
0.37,0.03,-0.03,2.153492257661516,14104
0.48,0.02,-0.02,2.1479931021580856,11283
0.66,0.01,-0.03,2.1469268089593045,7228
0.68,0.01,-0.03,2.1416301504753323,6874
0.42,0.01,-0.01,2.135741427301367,12764
0.38,0.03,-0.04,2.133346023840465,13730
0.47,0.01,-0.04,2.131563911111456,11508
0.45,0.02,-0.03,2.1310475205046124,11961
0.39,0.01,-0.04,2.1215014040410867,13470
0.63,0.01,-0.03,2.1189363429322605,7766
0.39,0.02,-0.04,2.1145015066094865,13470
0.42,0.02,-0.03,2.1044642841891728,12764
0.39,0.05,-0.04,2.092121668594551,13470
0.59,0.01,-0.03,2.0778865720129547,8506
0.55,0.01,-0.03,2.0776884859361027,9306
0.56,0.01,-0.03,2.065630004830522,9087
0.65,0.01,-0.03,2.0504324799556914,7411
0.36,0.03,-0.03,2.0480252459529042,14468
0.4,0.05,-0.04,2.0464172973079933,13239
0.4,0.02,-0.04,2.0280856557702642,13239
0.41,0.01,-0.01,2.0244606095736546,13028
0.4,0.01,-0.01,2.0222213134894926,13239
0.44,0.02,-0.03,2.017167766038664,12227
0.43,0.02,-0.02,2.011859021364679,12518
0.42,0.02,-0.04,2.0116871689844853,12764
0.41,0.01,-0.04,2.007246573502091,13028
0.37,0.01,-0.01,2.001068219920413,14104
0.4,0.02,-0.03,1.9860264515007398,13239
0.49,0.02,-0.03,1.9774396389505362,11003
0.44,0.02,-0.04,1.9756277729747402,12227
0.41,0.02,-0.03,1.9717809418582712,13028
0.43,0.05,-0.04,1.9708123831501354,12518
0.46,0.01,-0.04,1.9707038364703668,11744
0.45,0.02,-0.04,1.9696047668001293,11961
0.48,0.02,-0.04,1.9672455491769354,11283
0.49,0.02,-0.02,1.9591890618634953,11003
0.64,0.01,-0.03,1.951662189508507,7577
0.6,0.01,-0.03,1.950939514341393,8257
0.42,0.01,-0.04,1.9461565373616156,12764
0.69,0.01,-0.03,1.944884338753521,6669
0.38,0.04,-0.03,1.9443413537641707,13730
0.38,0.02,-0.05,1.9301563816066758,13730
0.36,0.01,-0.01,1.9047384647495893,14468
0.37,0.02,-0.02,1.86196716622272,14104
0.38,0.01,-0.01,1.8552595916082992,13730
0.41,0.05,-0.04,1.8362901246004883,13028
0.36,0.03,-0.05,1.819638938548086,14468
0.43,0.01,-0.05,1.816482412713568,12518
0.39,0.02,-0.03,1.806911142743575,13470
0.39,0.01,-0.01,1.8018510468257567,13470
0.41,0.02,-0.04,1.7995271030481097,13028
0.49,0.02,-0.04,1.7947750969303922,11003
0.43,0.05,-0.03,1.7887054038396353,12518
0.4,0.05,-0.03,1.7811671097449473,13239
0.49,0.01,-0.05,1.7731737089522035,11003
0.41,0.05,-0.03,1.7697974206228602,13028
0.7,0.01,-0.03,1.7557029757408946,6452
0.45,0.02,-0.02,1.7238057862663683,11961
0.52,0.01,-0.04,1.7212579808928679,10146
0.38,0.03,-0.03,1.7149301990749162,13730
0.42,0.05,-0.04,1.6846034738575377,12764
0.62,0.01,-0.03,1.6776584307769642,7942
0.36,0.02,-0.02,1.669061419961569,14468
0.37,0.03,-0.05,1.6677032983209266,14104
0.45,0.01,-0.05,1.6651132974140175,11961
0.5,0.02,-0.02,1.6601496000563387,10692
0.31,0.02,-0.01,1.655170590439872,16285
0.46,0.02,-0.03,1.6480433031015889,11744
0.61,0.01,-0.03,1.646166198830952,8071
0.42,0.05,-0.03,1.6380131635064634,12764
0.39,0.05,-0.03,1.595444516294255,13470
0.47,0.02,-0.03,1.567290460979564,11508
0.43,0.02,-0.05,1.5526166360318763,12518
0.67,0.02,-0.02,1.5440188609966343,7050
0.42,0.02,-0.02,1.5390725705323212,12764
0.43,0.03,-0.04,1.5378038663576723,12518
0.46,0.02,-0.04,1.5243473454964631,11744
0.38,0.04,-0.05,1.5227117400505785,13730
0.47,0.02,-0.02,1.5044405718619152,11508
0.4,0.01,-0.05,1.495031533772782,13239
0.3,0.05,-0.02,1.4881940479164073,16564
0.33,0.02,-0.01,1.4716090039913745,15688
0.5,0.02,-0.03,1.4704756755327926,10692
0.53,0.01,-0.04,1.4694197034199052,9871
0.51,0.01,-0.05,1.4671070136046473,10433
0.51,0.02,-0.02,1.4633986986050493,10433
0.41,0.02,-0.02,1.4582686575373895,13028
0.34,0.02,-0.01,1.4558364200634,15323
0.47,0.01,-0.05,1.4469812319734232,11508
0.44,0.01,-0.05,1.4410757121543576,12227
0.46,0.02,-0.02,1.440162799913838,11744
0.43,0.03,-0.03,1.4307835779088067,12518
0.44,0.02,-0.02,1.4270726686707158,12227
0.39,0.01,-0.05,1.4245735437909317,13470
0.38,0.02,-0.02,1.4196515323344996,13730
0.53,0.02,-0.02,1.413800824100775,9871
0.32,0.02,-0.01,1.3976442015472723,15986
0.51,0.02,-0.03,1.393372258992599,10433
0.47,0.02,-0.04,1.386517181769599,11508
0.68,0.02,-0.02,1.3810249197311388,6874
0.54,0.01,-0.04,1.3805316176017834,9613
0.34,0.05,-0.02,1.3673595548863446,15323
0.5,0.01,-0.05,1.3570381311049702,10692
0.41,0.01,-0.05,1.35306856945097,13028
0.66,0.02,-0.02,1.334589585573262,7228
0.48,0.05,-0.03,1.326704160634853,11283
0.57,0.01,-0.04,1.3067511763523663,8928
0.39,0.04,-0.04,1.2949175171427227,13470
0.48,0.03,-0.03,1.2915401494936105,11283
0.63,0.02,-0.02,1.277444192995725,7766
0.31,0.05,-0.02,1.2706440212113899,16285
0.64,0.03,-0.01,1.269566637846818,7577
0.52,0.02,-0.02,1.260306860493706,10146
0.49,0.05,-0.03,1.247535535596436,11003
0.69,0.02,-0.02,1.246828138098311,6669
0.4,0.02,-0.02,1.2458010942578872,13239
0.4,0.04,-0.04,1.2377384134703742,13239
0.42,0.01,-0.05,1.2317878315247899,12764
0.64,0.02,-0.02,1.226344993913554,7577
0.48,0.05,-0.04,1.2201238737279643,11283
0.43,0.04,-0.04,1.2158665055080278,12518
0.33,0.05,-0.02,1.2091748737257058,15688
0.43,0.02,-0.01,1.2065574283552694,12518
0.64,0.02,-0.01,1.197758243019521,7577
0.51,0.02,-0.04,1.1976037067406162,10433
0.5,0.02,-0.04,1.1920292442475775,10692
0.35,0.02,-0.01,1.1887799904313772,14952
0.39,0.03,-0.04,1.1855717096621952,13470
0.49,0.05,-0.04,1.1763189678813117,11003
0.39,0.05,-0.05,1.1712505553817492,13470
0.49,0.03,-0.03,1.1646291691755701,11003
0.59,0.02,-0.02,1.164326678820911,8506
0.4,0.05,-0.05,1.1491462988129406,13239
0.46,0.01,-0.05,1.1471255986500877,11744
0.67,0.02,-0.01,1.140230089000519,7050
0.67,0.03,-0.01,1.137672073317805,7050
0.7,0.02,-0.02,1.1361822256968628,6452
0.67,0.02,-0.03,1.1356198015775048,7050
0.35,0.05,-0.02,1.1335844829316062,14952
0.48,0.02,-0.01,1.129170936467925,11283
0.65,0.02,-0.02,1.1278681249368383,7411
0.6,0.02,-0.02,1.1260558840832944,8257
0.67,0.01,-0.04,1.1224580030575466,7050
0.68,0.02,-0.01,1.121000608160038,6874
0.42,0.03,-0.03,1.110635903152562,12764
0.48,0.03,-0.04,1.1062888094504246,11283
0.54,0.02,-0.02,1.1057627297056982,9613
0.32,0.05,-0.02,1.096969904243433,15986
0.43,0.04,-0.03,1.0958102064525086,12518
0.68,0.01,-0.04,1.0905647876950124,6874
0.58,0.01,-0.04,1.087499253488844,8733
0.45,0.03,-0.03,1.087126261374099,11961
0.44,0.05,-0.04,1.0843316629718287,12227
0.42,0.03,-0.04,1.082139522641991,12764
0.39,0.02,-0.05,1.080129848186628,13470
0.61,0.02,-0.02,1.0770476647432983,8071
0.66,0.03,-0.01,1.0732788134444744,7228
0.41,0.03,-0.03,1.0643223132531567,13028
0.4,0.04,-0.03,1.062181125879424,13239
0.4,0.03,-0.04,1.0529341992401986,13239
0.38,0.03,-0.05,1.0527908926939489,13730
0.49,0.02,-0.01,1.0423154202811007,11003
0.43,0.05,-0.05,1.0412432405746606,12518
0.59,0.02,-0.01,1.039883083482252,8506
0.55,0.01,-0.04,1.035282978055747,9306
0.65,0.03,-0.01,1.0272471603176845,7411
0.66,0.02,-0.01,1.0240757347395657,7228
0.66,0.02,-0.03,1.0193199409941478,7228
0.49,0.03,-0.04,1.0147415483241609,11003
0.4,0.02,-0.05,1.0046436171611899,13239
0.44,0.05,-0.03,1.001419090027484,12227
0.57,0.02,-0.02,0.9945338453847092,8928
0.44,0.03,-0.04,0.9937850842080453,12227
0.52,0.02,-0.03,0.9903462196428168,10146
0.68,0.03,-0.01,0.9901511298948625,6874
0.44,0.03,-0.03,0.9833073546634422,12227
0.45,0.03,-0.04,0.9777012302781398,11961
0.58,0.02,-0.02,0.9761851254595924,8733
0.41,0.04,-0.03,0.9714135619118295,13028
0.42,0.02,-0.05,0.966848969448912,12764
0.59,0.01,-0.04,0.9665052554687938,8506
0.45,0.02,-0.01,0.9657811279800192,11961
0.69,0.02,-0.01,0.9648569581593186,6669
0.62,0.02,-0.02,0.963406889199467,7942
0.68,0.02,-0.03,0.963387525251634,6874
0.37,0.05,-0.02,0.9616595740947801,14104
0.41,0.03,-0.04,0.9563492091371176,13028
0.63,0.01,-0.04,0.9546949252652689,7766
0.65,0.02,-0.03,0.9539609514001759,7411
0.39,0.02,-0.02,0.9512170578986555,13470
0.67,0.03,-0.02,0.9508606281943546,7050
0.4,0.03,-0.03,0.9499696231337157,13239
0.41,0.04,-0.04,0.9482133659173664,13028
0.56,0.01,-0.04,0.9468471327606043,9087
0.66,0.01,-0.04,0.9428649831626524,7228
0.7,0.02,-0.01,0.9269237220361051,6452
0.42,0.04,-0.03,0.9250744839093503,12764
0.3,0.04,-0.02,0.9236766707885913,16564
0.45,0.05,-0.03,0.918871052541734,11961
0.41,0.05,-0.05,0.91443754435202,13028
0.69,0.01,-0.04,0.9141946406319156,6669
0.42,0.04,-0.04,0.9096141140054342,12764
0.53,0.02,-0.03,0.9077339774047,9871
0.48,0.02,-0.05,0.9075806252122568,11283
0.45,0.05,-0.04,0.8892546117648732,11961
0.63,0.02,-0.01,0.8880413612683445,7766
0.64,0.02,-0.03,0.8879554522172688,7577
0.39,0.04,-0.03,0.8879332648145168,13470
0.6,0.02,-0.01,0.88128270055524,8257
0.7,0.01,-0.04,0.8706428629570202,6452
0.61,0.02,-0.01,0.8686480069592101,8071
0.67,0.03,-0.03,0.8683326639280305,7050
0.65,0.03,-0.03,0.8662995713388743,7411
0.63,0.03,-0.01,0.8632403779552945,7766
0.65,0.02,-0.01,0.8524903976484467,7411
0.39,0.03,-0.03,0.8511801688184447,13470
0.57,0.02,-0.01,0.8416769935661088,8928
0.69,0.03,-0.01,0.8408352949617469,6669
0.37,0.02,-0.01,0.8244068574604645,14104
0.6,0.01,-0.04,0.8232851747000114,8257
0.6,0.03,-0.01,0.8224113205294866,8257
0.61,0.03,-0.01,0.8214646769860314,8071
0.58,0.02,-0.01,0.8207632435795256,8733
0.3,0.03,-0.02,0.8192398046205642,16564
0.7,0.03,-0.01,0.8127410729513155,6452
0.34,0.04,-0.02,0.8121319294081625,15323
0.44,0.02,-0.05,0.8095480403070519,12227
0.69,0.02,-0.03,0.8078101285462397,6669
0.66,0.03,-0.03,0.800727761087753,7228
0.65,0.01,-0.04,0.7970987154069619,7411
0.53,0.02,-0.01,0.7898613904640478,9871
0.5,0.05,-0.03,0.7884857236752091,10692
0.45,0.02,-0.05,0.7822537083088633,11961
0.31,0.04,-0.02,0.7691744351569048,16285
0.54,0.02,-0.03,0.7681924075164469,9613
0.42,0.05,-0.05,0.7659363144359965,12764
0.46,0.03,-0.03,0.7651620052678659,11744
0.59,0.03,-0.01,0.7636549296105433,8506
0.42,0.02,-0.01,0.7621881193540793,12764
0.54,0.02,-0.01,0.7515347093704635,9613
0.41,0.02,-0.05,0.7515034826856183,13028
0.66,0.03,-0.02,0.7460712230610479,7228
0.3,0.05,-0.01,0.7432731446324166,16564
0.64,0.01,-0.04,0.7427078967909397,7577
0.55,0.02,-0.02,0.7311513351560662,9306
0.64,0.03,-0.03,0.7181827885897976,7577
0.33,0.04,-0.02,0.7119017479608973,15688
0.52,0.02,-0.04,0.7094259608888182,10146
0.48,0.03,-0.02,0.7080525004717608,11283
0.5,0.03,-0.03,0.7074531392737412,10692
0.62,0.02,-0.01,0.7060241548564623,7942
0.63,0.02,-0.03,0.7055176857638906,7766
0.68,0.03,-0.02,0.7021766075621753,6874
0.51,0.05,-0.03,0.693388567037612,10433
0.7,0.02,-0.03,0.6929558326210793,6452
0.5,0.02,-0.01,0.6899105621503461,10692
0.47,0.03,-0.03,0.6832403100077941,11508
0.52,0.01,-0.05,0.682386049769939,10146
0.44,0.02,-0.01,0.6791165220424776,12227
0.59,0.02,-0.03,0.6740044329283641,8506
0.46,0.03,-0.04,0.6705879626085468,11744
0.51,0.03,-0.03,0.669771545701944,10433
0.38,0.05,-0.02,0.659787370443334,13730
0.32,0.04,-0.02,0.6596901832163952,15986
0.57,0.02,-0.03,0.6539718686005359,8928
0.36,0.02,-0.01,0.6537844664673705,14468
0.64,0.03,-0.02,0.6521382592806013,7577
0.47,0.02,-0.01,0.6467896223526509,11508
0.53,0.03,-0.01,0.6455821912275774,9871
0.65,0.03,-0.02,0.6423119981644559,7411
0.49,0.03,-0.01,0.6407127648000223,11003
0.34,0.03,-0.02,0.6363393865595898,15323
0.31,0.05,-0.01,0.628380077055344,16285
0.49,0.03,-0.02,0.6251235674300709,11003
0.34,0.05,-0.01,0.6241025997381318,15323
0.5,0.05,-0.04,0.6214872666950116,10692
0.63,0.03,-0.02,0.6167301952249893,7766
0.68,0.03,-0.03,0.6104103082354714,6874
0.51,0.05,-0.04,0.6090679890906591,10433
0.62,0.03,-0.01,0.6030210787212951,7942
0.46,0.05,-0.03,0.6014685348636035,11744
0.56,0.02,-0.02,0.6000569080935413,9087
0.54,0.03,-0.01,0.5951093184637114,9613
0.58,0.03,-0.01,0.5935986843039285,8733
0.46,0.02,-0.01,0.593421295063266,11744
0.69,0.03,-0.02,0.5896656140145166,6669
0.48,0.03,-0.01,0.5879415046193271,11283
0.46,0.05,-0.04,0.5870795681291728,11744
0.48,0.04,-0.03,0.5765475450895957,11283
0.55,0.02,-0.01,0.5756918185434208,9306
0.33,0.05,-0.01,0.5710581502946694,15688
0.49,0.02,-0.05,0.5690165048720874,11003
0.57,0.03,-0.01,0.565613383153983,8928
0.47,0.05,-0.03,0.5596585874017472,11508
0.32,0.05,-0.01,0.5588740352563972,15986
0.4,0.02,-0.01,0.5565209225594512,13239
0.33,0.03,-0.02,0.5549949137721877,15688
0.6,0.02,-0.03,0.5488661647665722,8257
0.62,0.01,-0.04,0.5429591904471855,7942
0.47,0.03,-0.04,0.5390619587089158,11508
0.52,0.03,-0.03,0.5271936519062307,10146
0.53,0.02,-0.04,0.5246142747782743,9871
0.58,0.02,-0.03,0.5184988336860274,8733
0.3,0.03,-0.01,0.5069196625351658,16564
0.51,0.03,-0.04,0.5067799146187069,10433
0.61,0.01,-0.04,0.5029990704701984,8071
0.49,0.04,-0.03,0.4952765992562561,11003
0.47,0.05,-0.04,0.49415128923914614,11508
0.41,0.02,-0.01,0.4851318620090959,13028
0.69,0.03,-0.03,0.4786884462456707,6669
0.51,0.02,-0.01,0.47567152730830936,10433
0.7,0.03,-0.02,0.46831918339361905,6452
0.35,0.05,-0.01,0.4653242248150176,14952
0.52,0.02,-0.01,0.46449397569063683,10146
0.52,0.05,-0.03,0.4634628709424186,10146
0.5,0.03,-0.04,0.46178362915726345,10692
0.37,0.04,-0.02,0.45763106464620845,14104
0.63,0.03,-0.03,0.45359905514790294,7766
0.53,0.03,-0.03,0.45108233112275264,9871
0.38,0.02,-0.01,0.4456904435445825,13730
0.54,0.02,-0.04,0.43795228925012736,9613
0.53,0.01,-0.05,0.42718018629293625,9871
0.48,0.05,-0.02,0.42014933773681945,11283
0.53,0.05,-0.03,0.41945294465546107,9871
0.35,0.04,-0.02,0.4158907220835363,14952
0.53,0.03,-0.02,0.41575592005179973,9871
0.5,0.03,-0.02,0.40997118540662125,10692
0.48,0.04,-0.04,0.40297981148450845,11283
0.44,0.04,-0.04,0.39661359115569833,12227
0.35,0.03,-0.02,0.38936149241249096,14952
0.56,0.02,-0.01,0.3867343420617381,9087
0.43,0.03,-0.05,0.3854396515778912,12518
0.49,0.05,-0.02,0.3849627599747469,11003
0.36,0.05,-0.02,0.3814301686029649,14468
0.54,0.03,-0.03,0.37667750451260656,9613
0.44,0.04,-0.03,0.3757516984663604,12227
0.55,0.02,-0.03,0.3755073853699557,9306
0.34,0.03,-0.01,0.374540348091319,15323
0.67,0.02,-0.04,0.3728810998630493,7050
0.46,0.02,-0.05,0.36930302290032946,11744
0.62,0.02,-0.03,0.36226409824771155,7942
0.45,0.04,-0.03,0.36172371888000215,11961
0.61,0.03,-0.02,0.3613995195342556,8071
0.56,0.02,-0.03,0.35914623417318253,9087
0.49,0.04,-0.04,0.35707258484295384,11003
0.39,0.02,-0.01,0.35635059506361916,13470
0.31,0.03,-0.02,0.3559803038995437,16285
0.7,0.03,-0.03,0.35404485644039513,6452
0.48,0.05,-0.05,0.35165356856371255,11283
0.47,0.02,-0.05,0.34175376286637293,11508
0.5,0.03,-0.01,0.33997722051960294,10692
0.37,0.03,-0.02,0.3285867574222603,14104
0.33,0.03,-0.01,0.324839872126959,15688
0.61,0.02,-0.03,0.3245601119687178,8071
0.6,0.03,-0.02,0.32453601650165037,8257
0.52,0.03,-0.01,0.3213808253323478,10146
0.39,0.04,-0.05,0.3191683129085354,13470
0.32,0.03,-0.02,0.31916644649207915,15986
0.52,0.05,-0.04,0.3061821879013078,10146
0.55,0.03,-0.01,0.305284025123354,9306
0.4,0.04,-0.05,0.28558932395393594,13239
0.52,0.03,-0.04,0.2790503143209814,10146
0.43,0.03,-0.01,0.27537731299149426,12518
0.3,0.04,-0.01,0.2709589902416449,16564
0.45,0.04,-0.04,0.27005659784814745,11961
0.67,0.01,-0.05,0.26499605964709555,7050
0.68,0.02,-0.04,0.256342500743499,6874
0.52,0.03,-0.02,0.2515155996410159,10146
0.51,0.03,-0.02,0.2479406447606618,10433
0.45,0.03,-0.01,0.23466262560489207,11961
0.43,0.04,-0.05,0.23141927191117076,12518
0.31,0.04,-0.01,0.21695643067255865,16285
0.54,0.01,-0.05,0.2122257597505656,9613
0.32,0.04,-0.01,0.20921386218613103,15986
0.59,0.03,-0.02,0.20186876630387707,8506
0.59,0.03,-0.03,0.19721788374156313,8506
0.35,0.03,-0.01,0.19357391465720025,14952
0.43,0.03,-0.02,0.1898428819469388,12518
0.68,0.01,-0.05,0.1838183171439743,6874
0.54,0.03,-0.02,0.18293837180272776,9613
0.43,0.05,-0.02,0.18255758544945525,12518
0.53,0.05,-0.04,0.18160907775893487,9871
0.32,0.03,-0.01,0.1803310247269118,15986
0.5,0.05,-0.02,0.1764115992847483,10692
0.57,0.03,-0.03,0.1761226893709461,8928
0.6,0.03,-0.03,0.17158590122316716,8257
0.31,0.03,-0.01,0.17140018224871773,16285
0.62,0.03,-0.02,0.17030708623017343,7942
0.34,0.04,-0.01,0.16838068777929183,15323
0.33,0.04,-0.01,0.16558933174001433,15688
0.57,0.01,-0.05,0.16326383829327656,8928
0.66,0.02,-0.04,0.15927845346967826,7228
0.54,0.05,-0.03,0.158923427009817,9613
0.67,0.03,-0.04,0.15728604545401476,7050
0.49,0.05,-0.05,0.15244274285326226,11003
0.7,0.02,-0.04,0.15191605810938622,6452
0.56,0.03,-0.01,0.14508583397409214,9087
0.41,0.05,-0.02,0.14321558839435242,13028
0.47,0.03,-0.01,0.1393416846181822,11508
0.64,0.05,-0.01,0.13888614148800338,7577
0.54,0.03,-0.04,0.13392383812014447,9613
0.51,0.03,-0.01,0.12863416803630143,10433
0.57,0.02,-0.04,0.12333573144838457,8928
0.53,0.03,-0.04,0.12237580968208642,9871
0.69,0.02,-0.04,0.12114076869681772,6669
0.65,0.05,-0.03,0.11526763913074994,7411
0.45,0.03,-0.02,0.10418551513648378,11961
0.37,0.05,-0.01,0.10073470447953642,14104
0.38,0.04,-0.02,0.09851305785274117,13730
0.64,0.05,-0.03,0.08657185366121056,7577
0.58,0.03,-0.03,0.08289850963401225,8733
0.67,0.05,-0.03,0.07108972233647105,7050
0.53,0.05,-0.02,0.06953436306116309,9871
0.44,0.05,-0.05,0.06928178617529217,12227
0.53,0.05,-0.01,0.06803419905895242,9871
0.51,0.04,-0.03,0.057887166117103074,10433
0.66,0.01,-0.05,0.056897876524821325,7228
0.59,0.02,-0.04,0.056257765376279044,8506
0.49,0.05,-0.01,0.054482383678134384,11003
0.64,0.02,-0.04,0.054277332562240696,7577
0.66,0.05,-0.03,0.050353839010670726,7228
0.61,0.03,-0.03,0.04840350100280496,8071
0.47,0.03,-0.02,0.04728857849188387,11508
0.39,0.03,-0.05,0.04190552424510142,13470
0.58,0.03,-0.02,0.03978643710517902,8733
0.47,0.04,-0.03,0.029769493852266272,11508
0.65,0.02,-0.04,0.028447419715155912,7411
0.46,0.03,-0.01,0.027924208727817847,11744
0.5,0.04,-0.03,0.026665257017047535,10692
0.38,0.03,-0.02,0.025873504553931205,13730
0.37,0.03,-0.01,0.019782046041933128,14104
0.48,0.03,-0.05,0.009501409389282435,11283
0.54,0.05,-0.04,0.007032415161490536,9613
0.57,0.03,-0.02,0.0011407320935496526,8928
0.42,0.05,-0.02,-0.0010221237060546381,12764
0.65,0.03,-0.04,-0.006418097621877547,7411
0.46,0.03,-0.02,-0.006490188589603388,11744
0.66,0.03,-0.04,-0.007621643196270719,7228
0.63,0.02,-0.04,-0.012649272124438199,7766
0.62,0.03,-0.03,-0.014062439452342743,7942
0.46,0.04,-0.03,-0.026176861230776005,11744
0.41,0.04,-0.05,-0.02851730535249719,13028
0.69,0.01,-0.05,-0.03063204881537647,6669
0.36,0.03,-0.02,-0.034293349741785224,14468
0.42,0.03,-0.01,-0.03968513012380022,12764
0.64,0.03,-0.04,-0.04022330924777988,7577
0.51,0.05,-0.02,-0.04303450442701241,10433
0.68,0.03,-0.04,-0.044942633032218585,6874
0.4,0.05,-0.02,-0.051076710997128676,13239
0.48,0.05,-0.01,-0.0512684949080497,11283
0.7,0.01,-0.05,-0.05298998127756026,6452
0.58,0.02,-0.04,-0.05498702287809369,8733
0.42,0.03,-0.05,-0.05932270898387067,12764
0.36,0.04,-0.02,-0.06304941502246449,14468
0.42,0.04,-0.05,-0.06393113643750373,12764
0.65,0.01,-0.05,-0.06675097581515728,7411
0.4,0.03,-0.05,-0.06713187145915496,13239
0.58,0.01,-0.05,-0.08681492791449272,8733
0.67,0.05,-0.02,-0.09221254536320005,7050
0.56,0.03,-0.03,-0.09279705636805978,9087
0.51,0.04,-0.04,-0.09342085852803167,10433
0.64,0.04,-0.01,-0.10107288798559283,7577
0.6,0.02,-0.04,-0.10140358398171381,8257
0.47,0.04,-0.04,-0.10272525100850041,11508
0.5,0.02,-0.05,-0.10299739227698122,10692
0.46,0.04,-0.04,-0.10755327466339407,11744
0.54,0.05,-0.01,-0.1095341279347495,9613
0.55,0.02,-0.04,-0.11474600775771858,9306
0.68,0.05,-0.03,-0.1179055487224404,6874
0.55,0.03,-0.03,-0.12037897923585104,9306
0.44,0.03,-0.01,-0.122516137706465,12227
0.45,0.05,-0.05,-0.12320341252674435,11961
0.52,0.05,-0.02,-0.12680735184613628,10146
0.67,0.05,-0.01,-0.13126941160170225,7050
0.55,0.01,-0.05,-0.1316894611357566,9306
0.7,0.03,-0.04,-0.13530283483085898,6452
0.63,0.03,-0.04,-0.13721250698227272,7766
0.65,0.04,-0.03,-0.1414603181403987,7411
0.66,0.05,-0.01,-0.14365618884568554,7228
0.59,0.01,-0.05,-0.15154556561309027,8506
0.53,0.04,-0.03,-0.15265779107283078,9871
0.35,0.04,-0.01,-0.15286382251370323,14952
0.69,0.03,-0.04,-0.15628883036331453,6669
0.42,0.03,-0.02,-0.1588001460034353,12764
0.38,0.05,-0.01,-0.16139969281785385,13730
0.52,0.04,-0.03,-0.16313534908439614,10146
0.7,0.05,-0.03,-0.16587711687335488,6452
0.41,0.03,-0.02,-0.17170136717369636,13028
0.48,0.04,-0.02,-0.17349504503739327,11283
0.5,0.05,-0.01,-0.17439593029482464,10692
0.56,0.01,-0.05,-0.18205555922273123,9087
0.43,0.05,-0.01,-0.18242407186721324,12518
0.63,0.01,-0.05,-0.18766856738231388,7766
0.41,0.03,-0.05,-0.1882984433156589,13028
0.57,0.05,-0.03,-0.1951446451332044,8928
0.69,0.05,-0.03,-0.1977319397673099,6669
0.57,0.03,-0.04,-0.20311399028318938,8928
0.67,0.04,-0.03,-0.2040664730028735,7050
0.64,0.04,-0.03,-0.20430421037380775,7577
0.51,0.02,-0.05,-0.20585880394064993,10433
0.65,0.05,-0.01,-0.20672830663291675,7411
0.5,0.04,-0.04,-0.2073206466613296,10692
0.7,0.05,-0.01,-0.20998477433183393,6452
0.49,0.04,-0.02,-0.21078394359438082,11003
0.56,0.02,-0.04,-0.21096234231272437,9087
0.59,0.05,-0.01,-0.21622678635345666,8506
0.64,0.05,-0.02,-0.21736757058297795,7577
0.49,0.03,-0.05,-0.22287211176537103,11003
0.6,0.01,-0.05,-0.2249141503076204,8257
0.44,0.03,-0.05,-0.24405986479280536,12227
0.66,0.05,-0.02,-0.24499546786715232,7228
0.44,0.03,-0.02,-0.24605718894723358,12227
0.68,0.05,-0.01,-0.2474565688589162,6874
0.67,0.04,-0.02,-0.2489747697642461,7050
0.66,0.04,-0.03,-0.25264500454499006,7228
0.6,0.05,-0.01,-0.2548413783811332,8257
0.45,0.03,-0.05,-0.25755186621779647,11961
0.38,0.03,-0.01,-0.26230901130856143,13730
0.36,0.03,-0.01,-0.2698957011206802,14468
0.43,0.04,-0.02,-0.2765510615264555,12518
0.63,0.05,-0.03,-0.27822622564916927,7766
0.59,0.03,-0.04,-0.2897385475112292,8506
0.59,0.05,-0.03,-0.29202192785293685,8506
0.39,0.05,-0.02,-0.2974492230870394,13470
0.41,0.03,-0.01,-0.29900748744162664,13028
0.55,0.03,-0.02,-0.30156408261968415,9306
0.37,0.04,-0.01,-0.30527504994692845,14104
0.57,0.05,-0.01,-0.30925403602327695,8928
0.68,0.05,-0.02,-0.30956277982965585,6874
0.45,0.05,-0.02,-0.3106637653048418,11961
0.47,0.05,-0.02,-0.3121489393064059,11508
0.52,0.05,-0.01,-0.3124051888344529,10146
0.61,0.05,-0.01,-0.31888601222912416,8071
0.54,0.04,-0.03,-0.3293709945031067,9613
0.65,0.05,-0.02,-0.33048880229090144,7411
0.69,0.05,-0.01,-0.33340419866314774,6669
0.54,0.05,-0.02,-0.33670496755993323,9613
0.58,0.03,-0.04,-0.3391878894320949,8733
0.62,0.02,-0.04,-0.34093183883109,7942
0.53,0.04,-0.02,-0.34606413989609397,9871
0.4,0.03,-0.01,-0.346703520629596,13239
0.7,0.05,-0.02,-0.34692193431303897,6452
0.36,0.05,-0.01,-0.35197089359626305,14468
0.6,0.03,-0.04,-0.352566793222513,8257
0.63,0.05,-0.02,-0.35298998050708064,7766
0.47,0.05,-0.05,-0.3594175108636475,11508
0.64,0.01,-0.05,-0.3605242670192821,7577
0.69,0.05,-0.02,-0.3701783024323754,6669
0.56,0.05,-0.03,-0.37050587508671723,9087
0.58,0.05,-0.01,-0.37275663260129926,8733
0.42,0.05,-0.01,-0.3749686296940423,12764
0.46,0.05,-0.05,-0.37677013566653206,11744
0.67,0.04,-0.01,-0.3784408289273908,7050
0.53,0.04,-0.01,-0.3840060370475525,9871
0.61,0.02,-0.04,-0.38710371314106196,8071
0.52,0.04,-0.04,-0.387403478823691,10146
0.63,0.05,-0.01,-0.3882981071636914,7766
0.64,0.04,-0.02,-0.3898496636796973,7577
0.56,0.03,-0.02,-0.39015733585533996,9087
0.65,0.04,-0.01,-0.412539229342641,7411
0.6,0.05,-0.03,-0.41509106184321226,8257
0.58,0.05,-0.03,-0.41818430952257624,8733
0.66,0.04,-0.01,-0.41867025438769245,7228
0.41,0.04,-0.02,-0.42138171990547435,13028
0.51,0.05,-0.01,-0.4231057547402991,10433
0.5,0.04,-0.02,-0.42889663460237915,10692
0.66,0.04,-0.02,-0.42960034048451945,7228
0.46,0.05,-0.02,-0.4307039974541982,11744
0.4,0.05,-0.01,-0.43470858025718695,13239
0.68,0.04,-0.03,-0.4377373021087184,6874
0.57,0.05,-0.04,-0.45205026430828243,8928
0.53,0.04,-0.04,-0.4574891046675419,9871
0.55,0.03,-0.04,-0.4592329148655047,9306
0.65,0.04,-0.02,-0.4688227886237561,7411
0.6,0.05,-0.02,-0.47035967211093577,8257
0.5,0.05,-0.05,-0.4716570027992797,10692
0.54,0.04,-0.01,-0.47518749045668185,9613
0.42,0.04,-0.02,-0.48017425289196347,12764
0.55,0.05,-0.03,-0.48265757695888145,9306
0.63,0.04,-0.02,-0.48283906320066855,7766
0.4,0.03,-0.02,-0.4917160458067238,13239
0.59,0.04,-0.01,-0.4977538994019859,8506
0.7,0.04,-0.03,-0.5031868270463914,6452
0.61,0.05,-0.02,-0.5038546972439848,8071
0.55,0.05,-0.01,-0.5040288346192707,9306
0.68,0.04,-0.02,-0.5110005622776363,6874
0.56,0.03,-0.04,-0.5115061753559614,9087
0.6,0.04,-0.01,-0.513474204050656,8257
0.41,0.05,-0.01,-0.5151548472187267,13028
0.59,0.05,-0.02,-0.519487466755548,8506
0.48,0.04,-0.05,-0.5203685847011129,11283
0.46,0.03,-0.05,-0.5215788360840683,11744
0.51,0.04,-0.02,-0.5220236725764865,10433
0.61,0.04,-0.01,-0.523160290291625,8071
0.49,0.04,-0.01,-0.5242949188453235,11003
0.63,0.04,-0.03,-0.5264692792810528,7766
0.7,0.04,-0.01,-0.5307824406751684,6452
0.67,0.05,-0.04,-0.5321677155525879,7050
0.39,0.03,-0.01,-0.5359073113441009,13470
0.4,0.04,-0.02,-0.5362761444514538,13239
0.61,0.03,-0.04,-0.5371432698043709,8071
0.68,0.04,-0.01,-0.5393035442315393,6874
0.69,0.04,-0.03,-0.5422076491551188,6669
0.47,0.03,-0.05,-0.5428239362907751,11508
0.54,0.04,-0.04,-0.5482494530496129,9613
0.7,0.05,-0.04,-0.5524043659289694,6452
0.45,0.05,-0.01,-0.557372643419504,11961
0.44,0.05,-0.02,-0.5588942532825645,12227
0.62,0.01,-0.05,-0.5589785892323369,7942
0.47,0.05,-0.01,-0.5638626868717496,11508
0.64,0.05,-0.04,-0.5640450635914129,7577
0.7,0.04,-0.02,-0.5658376735477859,6452
0.63,0.04,-0.01,-0.5736634382371838,7766
0.61,0.01,-0.05,-0.5853436842913478,8071
0.62,0.03,-0.04,-0.5911413222285512,7942
0.51,0.05,-0.05,-0.5925121545603554,10433
0.69,0.04,-0.02,-0.5962600408818916,6669
0.52,0.04,-0.02,-0.5968933391019167,10146
0.43,0.04,-0.01,-0.5987460295483186,12518
0.61,0.05,-0.03,-0.6001174709725454,8071
0.56,0.05,-0.01,-0.612647246169544,9087
0.57,0.04,-0.03,-0.6206181415540838,8928
0.38,0.04,-0.01,-0.6207505546584314,13730
0.48,0.04,-0.01,-0.6279434766365877,11283
0.57,0.05,-0.02,-0.63900866549174,8928
0.59,0.04,-0.03,-0.6417629689784456,8506
0.57,0.04,-0.01,-0.6428480858934542,8928
0.65,0.05,-0.04,-0.6496608492450516,7411
0.66,0.05,-0.04,-0.6502063846884004,7228
0.62,0.05,-0.01,-0.6509208813631407,7942
0.39,0.03,-0.02,-0.6511554187612163,13470
0.69,0.04,-0.01,-0.6613678642212563,6669
0.61,0.04,-0.02,-0.6652145390896805,8071
0.68,0.05,-0.04,-0.6654693094051771,6874
0.54,0.04,-0.02,-0.6659165969326322,9613
0.56,0.05,-0.04,-0.6668839335955556,9087
0.59,0.05,-0.04,-0.6671187109114776,8506
0.44,0.04,-0.05,-0.6733143766622174,12227
0.58,0.04,-0.01,-0.6835275996900647,8733
0.58,0.05,-0.02,-0.6918508582080811,8733
0.6,0.04,-0.02,-0.6925507646312189,8257
0.39,0.05,-0.01,-0.6971188747208261,13470
0.49,0.04,-0.05,-0.7071020713710809,11003
0.36,0.04,-0.01,-0.708880586606724,14468
0.58,0.05,-0.04,-0.7179396481096298,8733
0.69,0.05,-0.04,-0.724920035791336,6669
0.45,0.04,-0.02,-0.7286591035890254,11961
0.62,0.05,-0.03,-0.7306472927191437,7942
0.55,0.05,-0.04,-0.7306488580443955,9306
0.47,0.04,-0.02,-0.738664323232819,11508
0.6,0.04,-0.03,-0.7419378155897295,8257
0.63,0.05,-0.04,-0.7612486071944005,7766
0.59,0.04,-0.02,-0.7645728466548315,8506
0.52,0.02,-0.05,-0.7655165815370332,10146
0.39,0.04,-0.02,-0.7711739241555796,13470
0.46,0.05,-0.01,-0.7751268367556866,11744
0.62,0.05,-0.02,-0.7767493215515696,7942
0.42,0.04,-0.01,-0.7803177422613435,12764
0.5,0.04,-0.01,-0.7867075589202579,10692
0.52,0.04,-0.01,-0.7947962817378242,10146
0.58,0.04,-0.03,-0.7971692046883186,8733
0.45,0.04,-0.05,-0.7972795174648708,11961
0.4,0.04,-0.01,-0.8215669795315539,13239
0.6,0.05,-0.04,-0.8314545757039424,8257
0.44,0.05,-0.01,-0.8332661185124369,12227
0.62,0.04,-0.01,-0.8353708417220703,7942
0.5,0.03,-0.05,-0.8450980753985327,10692
0.56,0.04,-0.03,-0.8502631909806692,9087
0.61,0.04,-0.03,-0.8661329740444699,8071
0.67,0.04,-0.04,-0.8733254233383274,7050
0.55,0.04,-0.01,-0.8993955554779676,9306
0.51,0.03,-0.05,-0.9085376640938166,10433
0.51,0.04,-0.01,-0.9090983176280854,10433
0.67,0.02,-0.05,-0.914632726972252,7050
0.46,0.04,-0.02,-0.916646423343366,11744
0.62,0.04,-0.02,-0.9182848456936819,7942
0.64,0.04,-0.04,-0.9209226400728181,7577
0.55,0.05,-0.02,-0.9345259821562317,9306
0.57,0.04,-0.02,-0.9361609822126596,8928
0.56,0.05,-0.02,-0.9385494563875103,9087
0.57,0.04,-0.04,-0.9445112074273364,8928
0.53,0.02,-0.05,-0.9537890799922706,9871
0.7,0.04,-0.04,-0.9557155885484048,6452
0.45,0.04,-0.01,-0.965817435791226,11961
0.58,0.04,-0.02,-0.9661800921475883,8733
0.55,0.04,-0.03,-0.9717049831006628,9306
0.65,0.04,-0.04,-0.9723903189625859,7411
0.41,0.04,-0.01,-0.9779260341001467,13028
0.44,0.04,-0.02,-0.9850334171614333,12227
0.62,0.04,-0.03,-0.9905767877995398,7942
0.47,0.04,-0.01,-0.994133218139135,11508
0.56,0.04,-0.01,-0.9987238767804199,9087
0.47,0.04,-0.05,-1.0111721421326887,11508
0.52,0.05,-0.05,-1.012594255001586,10146
0.66,0.04,-0.04,-1.0192067406904561,7228
0.68,0.04,-0.04,-1.0513025752378455,6874
0.63,0.04,-0.04,-1.075493173272667,7766
0.61,0.05,-0.04,-1.0778750611947736,8071
0.39,0.04,-0.01,-1.0787186787259715,13470
0.68,0.02,-0.05,-1.0804558532323887,6874
0.59,0.04,-0.04,-1.0828612644833797,8506
0.46,0.04,-0.05,-1.1262810694805048,11744
0.69,0.04,-0.04,-1.1353972576255382,6669
0.7,0.02,-0.05,-1.1425177111950917,6452
0.54,0.02,-0.05,-1.1556968756918884,9613
0.66,0.02,-0.05,-1.1567405365929988,7228
0.58,0.04,-0.04,-1.1639119899735442,8733
0.53,0.05,-0.05,-1.1708284677135858,9871
0.69,0.02,-0.05,-1.1944868458203637,6669
0.62,0.05,-0.04,-1.1999369949104013,7942
0.67,0.03,-0.05,-1.2070820580781452,7050
0.56,0.04,-0.04,-1.2136286961876803,9087
0.6,0.04,-0.04,-1.2243028418968422,8257
0.44,0.04,-0.01,-1.2394798803475122,12227
0.46,0.04,-0.01,-1.2412478043465116,11744
0.52,0.03,-0.05,-1.253463563643415,10146
0.65,0.02,-0.05,-1.2654541549318123,7411
0.55,0.04,-0.04,-1.2866837108843563,9306
0.56,0.04,-0.02,-1.2881843538491151,9087
0.55,0.04,-0.02,-1.2934509698656773,9306
0.51,0.04,-0.05,-1.3352994333650476,10433
0.5,0.04,-0.05,-1.3407633473416243,10692
0.65,0.03,-0.05,-1.3771739489656987,7411
0.66,0.03,-0.05,-1.4004949099558024,7228
0.61,0.04,-0.04,-1.4098920767130851,8071
0.57,0.02,-0.05,-1.4241338311719571,8928
0.53,0.03,-0.05,-1.4341779697670078,9871
0.68,0.03,-0.05,-1.4585952637049717,6874
0.59,0.02,-0.05,-1.4762412537395866,8506
0.64,0.02,-0.05,-1.479006714672825,7577
0.54,0.05,-0.05,-1.4794185966283546,9613
0.7,0.03,-0.05,-1.5065908808321902,6452
0.62,0.04,-0.04,-1.5258680024371933,7942
0.69,0.03,-0.05,-1.5487707215773492,6669
0.54,0.03,-0.05,-1.553644988225683,9613
0.6,0.02,-0.05,-1.5640511070233376,8257
0.63,0.02,-0.05,-1.585064648196862,7766
0.58,0.02,-0.05,-1.6217906799703812,8733
0.64,0.03,-0.05,-1.6503616331797009,7577
0.55,0.02,-0.05,-1.6924090991929606,9306
0.67,0.05,-0.05,-1.7219475379208438,7050
0.56,0.02,-0.05,-1.7459864404926198,9087
0.52,0.04,-0.05,-1.7464783529125754,10146
0.7,0.05,-0.05,-1.7491041307664008,6452
0.63,0.03,-0.05,-1.7864821597515503,7766
0.57,0.03,-0.05,-1.8333318417688473,8928
0.53,0.04,-0.05,-1.8406038802411275,9871
0.65,0.05,-0.05,-1.8458284194249692,7411
0.66,0.05,-0.05,-1.8684913702840278,7228
0.62,0.02,-0.05,-1.8842063737316697,7942
0.61,0.02,-0.05,-1.8871586628668748,8071
0.6,0.03,-0.05,-1.8920685929609835,8257
0.59,0.03,-0.05,-1.8990918433239536,8506
0.68,0.05,-0.05,-1.9045336589140207,6874
0.57,0.05,-0.05,-1.9076798346300206,8928
0.69,0.05,-0.05,-1.9428136458414624,6669
0.58,0.03,-0.05,-1.9828458232212398,8733
0.64,0.05,-0.05,-1.9995951063594257,7577
0.54,0.04,-0.05,-2.064629282644737,9613
0.67,0.04,-0.05,-2.093034063511855,7050
0.59,0.05,-0.05,-2.1018837255602847,8506
0.61,0.03,-0.05,-2.1140524962270497,8071
0.56,0.05,-0.05,-2.1217042619873836,9087
0.55,0.03,-0.05,-2.1312805176766085,9306
0.56,0.03,-0.05,-2.140914784911717,9087
0.7,0.04,-0.05,-2.182344171191109,6452
0.58,0.05,-0.05,-2.1870093007348586,8733
0.6,0.05,-0.05,-2.1963680942785038,8257
0.65,0.04,-0.05,-2.1984867069477785,7411
0.55,0.05,-0.05,-2.201578646299508,9306
0.62,0.03,-0.05,-2.211270133825994,7942
0.63,0.05,-0.05,-2.235929978799776,7766
0.66,0.04,-0.05,-2.2674205440913617,7228
0.68,0.04,-0.05,-2.3202957425519646,6874
0.69,0.04,-0.05,-2.3832196854809493,6669
0.64,0.04,-0.05,-2.3864015006461106,7577
0.57,0.04,-0.05,-2.4300695955543596,8928
0.61,0.05,-0.05,-2.4801960064535367,8071
0.59,0.04,-0.05,-2.54755509693747,8506
0.63,0.04,-0.05,-2.5801033626833196,7766
0.6,0.04,-0.05,-2.6191451782766846,8257
0.62,0.05,-0.05,-2.6454775253439298,7942
0.58,0.04,-0.05,-2.6629104604040554,8733
0.56,0.04,-0.05,-2.6983778423847973,9087
0.55,0.04,-0.05,-2.7875423169447515,9306
0.61,0.04,-0.05,-2.84214183977713,8071
0.62,0.04,-0.05,-3.0013373506760037,7942
